Feature,VIF
Acanthamoeba polyphaga mimivirus,2.0689922363625777
Acaryochloris marina,3.8138291050588764
Acetoanaerobium sticklandii,8.9969571264089
Acetobacter aceti,3.1422583566355593
Acetobacter pasteurianus,5.191278050167389
Acetobacterium woodii,5.430545144551816
Acetomicrobium mobile,4.02200293127768
Acholeplasma brassicae,5.800293679024324
Acholeplasma laidlawii,7.6969605278403375
Acholeplasma oculi,4.931437028673532
Acholeplasma palmae,3.406735575545835
Achromobacter denitrificans,8.693740398105682
Achromobacter phage phiAxp-3,2.404620171183637
Achromobacter sp. AONIH1,15.75198114100661
Achromobacter spanius,2.6514038336463823
Achromobacter xylosoxidans,4.9343072275648066
Acidaminococcus fermentans,9.238694410185476
Acidaminococcus intestini,2.689592980171553
Acidihalobacter prosperus,5.671797129168797
Acidimicrobium ferrooxidans,5.324262419691758
Acidiphilium cryptum,4.842369498973913
Acidipropionibacterium acidipropionici,2.028537784901519
Acidithiobacillus caldus,2.982842763593199
Acidithiobacillus ferrivorans,2.0887582188468357
Acidithiobacillus ferrooxidans,4.121521947483504
Acidobacterium capsulatum,2.8802897487186345
Acidovorax avenae,7.031063292664649
Acidovorax ebreus,5.9825999517724835
Acidovorax sp. KKS102,6.738923278642084
Acidovorax sp. P4,1.5015953323332292
Acinetobacter baumannii,3.447697277085123
Acinetobacter bereziniae,3.8274209703370086
Acinetobacter calcoaceticus,3.9851747945750646
Acinetobacter equi,4.287919002073432
Acinetobacter haemolyticus,2.023049801327226
Acinetobacter johnsonii,3.4589544038808433
Acinetobacter junii,4.368725453715613
Acinetobacter nosocomialis,1.622409357423454
Acinetobacter phage Ac42,7.3815102100168986
Acinetobacter phage Acj61,2.2318551423405264
Acinetobacter phage Acj9,4.072991744145808
Acinetobacter phage IME_AB3,1.421290277764186
Acinetobacter phage LZ35,1.244235555259639
Acinetobacter phage Presley,1.324957555803489
Acinetobacter phage YMC13/03/R2096,3.3294238078224416
Acinetobacter phage ZZ1,1.467150409984957
Acinetobacter phage phiAC-1,1.4124115330535445
Acinetobacter phage vB_AbaM_Acibel004,1.3665378151640013
Acinetobacter phage vB_AbaM_phiAbaA1,1.1692709704049753
Acinetobacter phage vB_AbaP_Acibel007,9.37548088182122
Acinetobacter phage vB_AbaS_TRS1,1.6867950631214121
Acinetobacter pittii,2.4178604893215083
Acinetobacter schindleri,2.990253684552287
Acinetobacter soli,1.4298287503404348
Acinetobacter virus 133,1.252456712933371
Acinetobacter virus AB3,1.7526633778544767
Acinetobacter virus Abp1,2.1073126884931344
Actinoalloteichus sp. ADI127-7,5.283355321127389
Actinoalloteichus sp. AHMU CJ021,5.312961775279725
Actinoalloteichus sp. GBA129-24,3.2245864970812805
Actinobacillus equuli,5.045757111670096
Actinobacillus succinogenes,4.0326930798757905
Actinobacteria bacterium IMCC19121,3.3549074656487803
Actinobacteria bacterium IMCC25003,1.9791338531512448
Actinobacteria bacterium IMCC26077,2.4072299912748503
Actinobacteria bacterium IMCC26256,3.5982390312202455
Actinomyces gaoshouyii,7.642144164513244
Actinomyces meyeri,4.130497354201115
Actinomyces oris,1.6640536225745004
Actinomyces radicidentis,4.831142603979036
Actinomyces sp. VUL4_3,3.5686756611275996
Actinomyces sp. oral taxon 414,2.1697129017351364
Actinomyces virus Av1,2.595700169672862
Actinotignum schaalii,4.818875218708029
Adlercreutzia equolifaciens,4.604253614961382
Advenella kashmirensis,3.585930407244663
Advenella mimigardefordensis,5.80335833855119
Aequorivita sublithincola,7.847869404641044
Aeribacillus pallidus,5.56239142136791
Aerococcus urinaeequi,2.5648414379409816
Aerococcus urinaehominis,6.329341666259418
Aeromonas aquatica,6.2954475610149405
Aeromonas caviae,11.444610541553438
Aeromonas dhakensis,17.206239907247202
Aeromonas phage CC2,1.5938283413906345
Aeromonas phage PX29,1.2184314853867926
Aeromonas phage phiAS5,1.2734138920772355
Aeromonas phage vB_AsaM-56,1.0771911798167875
Aeromonas salmonicida,1.5926900156788066
Aeromonas virus 25,5.1423728064397185
Aeromonas virus 65,1.3425301855942522
Aeromonas virus AS4,5.136626786120677
Aeromonas virus phiO18P,2.5350119838802296
Aeropyrum pernix ovoid virus 1,2.944468900482194
Agarilytica rhodophyticola,3.1540623957929066
Aggregatibacter actinomycetemcomitans,3.246728477136601
Aggregatibacter phage S1249,3.4542204881511593
Agrobacterium fabrum,2.5991905661839803
Agrobacterium phage 7-7-1,4.961341884000665
Agrobacterium sp. H13-3,1.4776901334443668
Agrobacterium sp. RAC06,7.203277206280181
Agrobacterium vitis,5.3181978500862215
Agromyces aureus,6.785283698846612
Agrotis ipsilon multiple nucleopolyhedrovirus,3.0868865322557477
Agrotis segetum nucleopolyhedrovirus A,1.477337887003224
Agrotis segetum nucleopolyhedrovirus B,2.8184727262683182
Akkermansia muciniphila,2.7585651179920694
Alcaligenes faecalis,4.960689809401013
Alcanivorax borkumensis,5.494570032232842
Alcanivorax dieselolei,5.759151796894291
Alcanivorax pacificus,6.140534188192923
Alcanivorax sp. NBRC 101098,5.004610788133618
Algibacter alginicilyticus,14.654970045590849
Algoriphagus sp. M8-2,4.008463056313636
Alicyclobacillus acidocaldarius,4.502089851371644
Alkaliphilus metalliredigens,18.67979367013993
Alkaliphilus oremlandii,1.6534324450413862
Alkalitalea saponilacus,10.013277716332738
Alphapapillomavirus 1,1.154228733512088
Alphapapillomavirus 14,1.4461508883025698
Alphapapillomavirus 2,1.8832291307566695
Alphapapillomavirus 3,1.063671744104255
Alphapapillomavirus 4,1.339609185256957
Alphapapillomavirus 6,1.1982688180692356
Altererythrobacter atlanticus,5.865008002294523
Alteromonas mediterranea,1.1721801886393122
Alteromonas sp. Mac1,1.3106104901056073
Alteromonas sp. RW2A1,7.2357761017533475
Aminobacter aminovorans,3.580457538052508
Ammonifex degensii,4.037588966843071
Amphibacillus xylanus,11.80868557028045
Anaerococcus mediterraneensis,7.1138062883782025
Anaerolinea thermophila,5.190096470803829
Anaerolineaceae bacterium oral taxon 439,5.3764046539653485
Anaerostipes hadrus,15.011132136482411
Anaerotignum propionicum,3.091516987567359
Aneurinibacillus sp. XH2,5.008614619447015
Anoxybacillus flavithermus,3.320421685198783
Aquaspirillum sp. LM1,5.337393559045658
Arachidicoccus sp. BS20,12.785300170355796
Arcanobacterium haemolyticum,3.719677364695805
Archangium gephyra,2.3296864636410315
Arcobacter butzleri,5.977312025526236
Arcobacter sp. L,7.367314267482967
Arenibacter algicola,13.174912154113839
Arsenicicoccus sp. oral taxon 190,3.3457135658355956
Arsenophonus symbiont of Lipoptena fortisetosa,2.4356981233108033
Arthrobacter alpinus,5.685008194861758
Arthrobacter crystallopoietes,6.190086767535819
Arthrobacter phage vB_ArS-ArV2,1.3823045491488852
Arthrobacter sp. ATCC 21022,2.3931641255750282
Arthrobacter sp. LS16,1.3750748636126806
Asaia bogorensis,1.9975805808080287
Aster yellows witches'-broom phytoplasma,1.2162010709623339
Asticcacaulis excentricus,1.7284663972203365
Aurantimicrobium minutum,3.192963338341683
Aureococcus anophagefferens virus,2.590881507395191
Auricoccus indicus,2.7643303280191605
Autographa californica multiple nucleopolyhedrovirus,1.5577468929649634
Avian endogenous retrovirus EAV-HP,2.2278918122162104
Avian gyrovirus 2,1.634250870944495
Axonopus compressus streak virus,3.318050914965025
Azoarcus olearius,4.753234885008504
Azospira oryzae,1.312598517823233
Azospirillum brasilense,7.966051196266524
Azospirillum humicireducens,1.3918506459457705
Azotobacter chroococcum,8.187220139928087
Azotobacter vinelandii,4.680034501335763
Bacillus altitudinis,2.3779248128901465
Bacillus amyloliquefaciens,3.436058701362871
Bacillus anthracis,11.404240356118073
Bacillus aryabhattai,2.5948404919633883
Bacillus atrophaeus,1.6047353267147102
Bacillus bombysepticus,3.6978635778112703
Bacillus cereus,4.4226567918180475
Bacillus coagulans,3.6062844992253575
Bacillus flexus,2.414235686862751
Bacillus gibsonii,1.1269943090375611
Bacillus glycinifermentans,2.820601310032073
Bacillus kochii,2.1390261090227964
Bacillus lehensis,1.5036333307954162
Bacillus licheniformis,1.731510412275944
Bacillus muralis,2.5258933286535914
Bacillus mycoides,1.6230660175999216
Bacillus paralicheniformis,8.13192541026125
Bacillus phage 0305phi8-36,3.2392358626528663
Bacillus phage Bp8p-T,4.925152994070508
Bacillus phage Mater,4.85621013132919
Bacillus phage PM1,18.497649088031704
Bacillus phage PfEFR-5,2.0641635826355222
Bacillus phage SPP1,1.6815160121587358
Bacillus pumilus,4.483745615917497
Bacillus safensis,2.445249728032742
Bacillus sp. FDAARGOS_235,2.3373150009732795
Bacillus sp. OxB-1,9.46861609647265
Bacillus subtilis,3.2435851776158455
Bacillus virus B103,1.1838619226992713
Bacillus virus BCP78,1.7201393288990117
Bacillus virus Bobb,2.360540314908118
Bacillus virus Grass,1.2648885686225848
Bacillus virus IEBH,1.0738915999119285
Bacillus virus SPG24,1.8115371171943082
Bacillus virus TP21,2.990275084543868
Bacillus virus TsarBomba,8.167450949702339
Bacillus virus phi29,1.4254565994039816
Bacteriophage APSE-2,1.6991353204693953
Bacterioplanes sanyensis,12.30169777058202
Bacteriovorax stolpii,5.238607019816266
Bacteroidales bacterium CF,8.266599261471487
Bacteroides caccae,4.424795674352453
Bacteroides phage B124-14,2.4574627488067904
Banana streak CA virus,1.1659753876200765
Bartonella apis,1.7282467897951652
Bartonella clarridgeiae,1.8726679129798467
Bartonella sp. 1-1C,4.383832622625535
Basilea psittacipulmonis,8.359623019927568
Bathycoccus sp. RCC1105 virus BpV,4.4406186772820835
Bdellovibrio bacteriovorus,5.162633111740919
Bdellovibrio exovorus,3.4574733050143167
Beggiatoa leptomitiformis,9.188059613499806
Belliella baltica,1.9076417070657998
Bernardetia litoralis,4.504525457720448
Betapapillomavirus 1,1.327340819444825
Betapapillomavirus 2,3.6424201869372936
Betapapillomavirus 3,1.448298831159264
Betapapillomavirus 4,1.5637486267862366
Betapapillomavirus 5,1.5860791599854807
Bibersteinia trehalosi,6.36018514401288
Bifidobacterium actinocoloniiforme,3.6874653425833985
Bifidobacterium adolescentis,6.239808180774179
Bifidobacterium angulatum,9.555382395552853
Bifidobacterium animalis,2.227319345248608
Bifidobacterium asteroides,2.993981854321869
Bifidobacterium bifidum,5.2816652247516425
Bifidobacterium breve,1.9232228304971803
Bifidobacterium dentium,3.365839644389598
Bifidobacterium pseudolongum,9.24970977916538
Bifidobacterium thermophilum,1.199482746048539
Blastococcus saxobsidens,3.0049706537746106
Blattabacterium sp. (Blatta orientalis),1.8286495296584018
Blattabacterium sp. (Blattella germanica),1.4900723662942001
Blattabacterium sp. (Periplaneta americana),1.454386625145677
Blattodean ambidensovirus 1,2.304001074579945
Blattodean ambidensovirus 2,2.1500849221381
Blautia hansenii,8.449731191174653
Blautia sp. YL58,7.597448226654044
Bordetella parapertussis,1.9652993071414957
Bordetella pertussis,2.0286603674636363
Bordetella virus BPP1,3.354765621133905
Bosea sp. AS-1,3.3668365841605974
Bovine associated gemykrogvirus 1,1.6494650067889396
Brachybacterium faecium,2.3252744927093447
Brachyspira hyodysenteriae,5.699597373458403
Brachyspira murdochii,2.5237728583831602
Bradyrhizobium diazoefficiens,6.113505586719381
Brenneria goodwinii,11.63686147399437
Brevefilum fermentans,4.6007564663398846
Brevibacterium linens,1.8736073248436114
Brevundimonas naejangsanensis,3.674013724460521
Brevundimonas sp. DS20,3.763725802294664
Brochothrix phage A9,2.2439213999378325
Brochothrix phage BL3,1.368611461663226
Brucella melitensis,1.4714604106797673
Brucella pinnipedialis,1.438703384222066
Buchnera aphidicola,2.0513221006526
Burkholderia cenocepacia,2.9276772008577927
Burkholderia cepacia,3.179714059439911
Burkholderia diffusa,4.293710575434299
Burkholderia mallei,4.724932675294728
Burkholderia phage KL3,1.2900403156055227
Burkholderia phage KS14,2.2069447829954507
Burkholderia plantarii,2.2834515502394095
Burkholderia pseudomallei,3.2513770100384654
Burkholderia pseudomultivorans,3.1388425995378335
Burkholderia sp. CCGE1001,3.088606024643876
Burkholderia sp. KJ006,1.0955553468245496
Burkholderia sp. MSMB0266,13.014360071244326
Burkholderia sp. PAMC 26561,2.6564005841826774
Burkholderia virus KL1,1.5791925307792176
Caldicellulosiruptor saccharolyticus,2.82187683739286
Caldilinea aerophila,3.725202970733878
Caldithrix abyssi,9.044158093630415
Campylobacter avium,2.7693866901591404
Campylobacter coli,5.2671904513308965
Campylobacter concisus,4.760756059654091
Campylobacter cuniculorum,2.758098999249231
Campylobacter curvus,5.885543892372406
Campylobacter fetus,3.574054270062799
Campylobacter helveticus,4.5220669975163466
Campylobacter hominis,3.2587974428089144
Campylobacter iguaniorum,20.538966232127397
Campylobacter jejuni,1.7891231994712031
Campylobacter lanienae,1.7295998032840627
Campylobacter lari,6.879605953883421
Campylobacter sp. NCTC 13003,5.6203595721867
Campylobacter sp. RM12175,3.010920328872371
Campylobacter sputorum,1.6454250098484258
Canarypox virus,2.570101402072182
Candida dubliniensis,3.5403525600745396
Candidatus Amoebophilus asiaticus,4.007815117018878
Candidatus Arthromitus sp. SFB-mouse,2.1873644181809926
Candidatus Arthromitus sp. SFB-rat-Yit,20.13108524864031
Candidatus Atelocyanobacterium thalassa,3.4563505422841247
Candidatus Babela massiliensis,1.9035249431650543
Candidatus Baumannia cicadellinicola,3.0976280251778694
Candidatus Blochmannia chromaiodes,2.7582861402095418
Candidatus Carsonella ruddii,4.323239783599818
Candidatus Cloacimonas acidaminovorans,3.4734432465444653
Candidatus Desulforudis audaxviator,5.035662432947804
Candidatus Doolittlea endobia,5.114899051494074
Candidatus Erwinia sp. ErCipseudotaxifoliae,13.04177233741288
Candidatus Fonsibacter ubiquis,3.0825853697102557
Candidatus Hamiltonella defensa,2.086917653711226
Candidatus Hoaglandella endobia,7.322820409288964
Candidatus Ishikawaella capsulata,1.3281465896376754
Candidatus Kuenenia stuttgartiensis,1.3353633103496296
Candidatus Liberibacter solanacearum,3.1683534327045475
Candidatus Methanomethylophilus alvus,3.6164870449441686
Candidatus Methanoplasma termitum,3.8255810903561005
Candidatus Methylopumilus planktonicus,2.4869198598144098
Candidatus Methylopumilus turicensis,15.079589233702205
Candidatus Mikella endobia,2.575650581973933
Candidatus Moranella endobia,2.2150985332474273
Candidatus Nanopelagicus hibericus,1.7182575015872936
Candidatus Nanopelagicus limnes,3.317397112638424
Candidatus Nasuia deltocephalinicola,2.3416952914781577
Candidatus Nitrosoglobus terrae,1.061277963669726
Candidatus Nitrosomarinus catalina,2.8549362065917254
Candidatus Nitrosopelagicus brevis,2.4334475618802527
Candidatus Nitrosotenuis cloacae,1.4492617083581698
Candidatus Nitrosotenuis sp. AQ6f,1.2291907888637248
Candidatus Nitrospira inopinata,5.649680832966922
Candidatus Nucleicultrix amoebiphila,1.5768310039461213
Candidatus Pantoea carbekii,1.957704412751832
Candidatus Paracaedibacter acanthamoebae,1.262497043745505
Candidatus Pelagibacter ubique,1.511656510697595
Candidatus Planktophila lacus,2.4219224792734306
Candidatus Planktophila limnetica,1.2774498585828378
Candidatus Planktophila sulfonica,2.083769253897966
Candidatus Puniceispirillum marinum,3.823030695226562
Candidatus Rhodoluna planktonica,4.30463592456262
Candidatus Riesia pediculicola,2.6137589242489976
Candidatus Sulcia muelleri,2.418520494190526
Candidatus Tremblaya princeps,1.7057450396484302
Candidatus Walczuchella monophlebidarum,1.0531053730276443
Canid alphaherpesvirus 1,1.348104591933989
Canine papillomavirus 9,1.526814931892723
Canis familiaris polyomavirus 1,1.3021009043161191
Capnocytophaga canimorsus,2.1776716836035717
Capnocytophaga cynodegmi,3.1920913315983284
Capnocytophaga gingivalis,5.1172806991390924
Capnocytophaga haemolytica,2.441280553444342
Capnocytophaga stomatis,6.7075212436446
Cardiovirus A,1.3738616688046628
Caribou associated gemykrogvirus 1,3.560911778202269
Carnivore bocaparvovirus 2,1.15250256151157
Carnobacterium inhibens,6.2150243527458695
Carnobacterium maltaromaticum,3.8533047193877636
Carnobacterium sp. 17-4,3.4744706252412505
Carnobacterium sp. CP1,2.5714167197134565
Caulobacter henricii,2.322461560235583
Caulobacter phage CcrColossus,1.328916482975105
Caulobacter virus Rogue,1.1086126582752385
Cellulosilyticum lentocellum,1.9884751202684119
Cellulosimicrobium cellulans,3.440687520270184
Cellulosimicrobium sp. TH-20,4.850949900808259
Cellvibrio japonicus,4.770129406993447
Cercopithecine betaherpesvirus 5,1.7624444509050665
Chipapillomavirus 2,2.3419103588119907
Chipapillomavirus 3,1.1107393088616773
Chitinophaga pinensis,4.383253830610045
Chlamydia gallinacea,2.788606255318539
Chlamydia pecorum,7.339878118510963
Chlamydia pneumoniae,1.862569710799676
Chlamydia psittaci,4.914631179066092
Chlamydia suis,1.5762415020359637
Chlamydia trachomatis,3.0534325517106495
Chlorobium limicola,3.0612667050451194
Chlorobium phaeobacteroides,11.201992241878388
Chloroflexus aggregans,1.9863905122074266
Christensenella massiliensis,1.7181925700905354
Chromobacterium sp. ATCC 53434,1.4489014978480683
Chromohalobacter salexigens,6.241539469338498
Chroococcidiopsis thermalis,1.952125282135954
Chryseobacterium camelliae,2.2175012144458224
Chryseobacterium taklimakanense,3.520994558771865
Chrysochromulina ericina virus,2.065806969837498
Chrysodeixis chalcites nucleopolyhedrovirus,7.139716685703482
Chrysodeixis includens nucleopolyhedrovirus,1.8054336542879845
Citrobacter amalonaticus,2.3209100813703913
Citrobacter braakii,4.7484001063692745
Citrobacter freundii,2.0131477107036355
Citrobacter freundii complex sp. CFNIH9,6.254792524739915
Citrobacter koseri,3.1289341329152656
Citrobacter phage CR44b,1.3889663587751415
Citrobacter phage Margaery,2.9346603399683686
Citrobacter phage Michonne,16.087774537533733
Citrobacter phage SH1,5.189767954310904
Citrobacter phage SH4,1.2568631211262427
Citrus endogenous pararetrovirus,1.196672894683316
Clavibacter capsici,2.346250296693156
Clavibacter phage CN1A,1.2623315689708465
Cloacibacillus porcorum,4.819296025756037
Clostridioides difficile,6.4860091100926285
Clostridium beijerinckii,1.3355245503223578
Clostridium phage phi24R,1.1398277687038159
Clostridium phage phiCP7R,1.25442774949595
Clostridium phage phiCT453A,3.305546475759153
Clostridium phage phiCT453B,2.0178528583160884
Cnaphalocrocis medinalis granulovirus,2.2883677168480645
Cobetia marina,1.4097661237465147
Columbid alphaherpesvirus 1,1.3645681363629272
Comamonas testosteroni,6.155734071476425
Coprothermobacter proteolyticus,2.229866513032123
Corallococcus coralloides,2.3743944485262642
Coriobacteriaceae bacterium 68-1-3,4.800948593270964
Coriobacterium glomerans,2.9386654070360136
Corynebacterium aquilae,4.92698209624058
Corynebacterium argentoratense,2.7515711030282293
Corynebacterium aurimucosum,5.168583345729304
Corynebacterium casei,3.572630369550727
Corynebacterium crudilactis,3.6247917381192805
Corynebacterium doosanense,1.7429359491197793
Corynebacterium efficiens,3.4460158321098953
Corynebacterium flavescens,2.5390224990209465
Corynebacterium glyciniphilum,3.3448033755740063
Corynebacterium halotolerans,3.845666098382469
Corynebacterium kroppenstedtii,2.1831721153453705
Corynebacterium kutscheri,2.5381995036219243
Corynebacterium mustelae,3.389517873654974
Corynebacterium phage BFK20,1.5849985869888563
Corynebacterium phage P1201,2.007367319225837
Corynebacterium resistens,2.334335371557347
Corynebacterium singulare,1.2416905907198872
Corynebacterium sp. NML98-0116,2.4823077234144786
Corynebacterium terpenotabidum,1.9473604103945195
Corynebacterium testudinoris,3.4465902464489573
Corynebacterium urealyticum,1.6642297241589559
Corynebacterium ureicelerivorans,2.3731064527504793
Corynebacterium variabile,3.9201184310723294
Coxiella burnetii,1.2108408891428097
Coxiella-like endosymbiont,1.473132644642468
Cronobacter phage CR5,4.340686028759752
Cronobacter phage ENT47670,1.7283480564783869
Cronobacter phage S13,4.130242173235646
Cronobacter phage vB_CsaM_GAP32,2.4587322501778406
Cronobacter phage vB_CskP_GAP227,8.656709149379088
Cronobacter turicensis,1.8276076715491818
Cronobacter virus CR9,2.7542978350825105
Cronobacter virus GAP31,1.9923067058167134
Cryptobacterium curtum,3.769534049313841
Cupriavidus sp. USMAA1020,3.690929920505009
Cupriavidus sp. USMAHM13,2.7411065418813996
Curtobacterium pusillum,4.218245602877415
Cutibacterium acnes,5.638860255537556
Cutibacterium granulosum,3.1925671767929598
Cyanophage P-RSM1,1.946001715005186
Cyanophage Syn30,4.851031096483259
Cyanothece sp. PCC 8801,1.6516566519301674
Cyclobacterium amurskyense,4.549908603551458
Cycloclasticus sp. P1,3.9894390758949485
Cycloclasticus sp. PY97N,5.674070802951412
Cycloclasticus zancles,1.7759702403302036
Cystobacter fuscus,7.242864112635001
Cytophaga hutchinsonii,5.0794691031289325
Defluviitoga tunisiensis,1.9596023188940814
Dehalobacter restrictus,5.821573812202721
Dehalobacter sp. CF,19.741727399224942
Dehalobacter sp. DCA,13.69929012414842
Dehalococcoides mccartyi,9.587518226149186
Dehalogenimonas lykanthroporepellens,4.399758549913917
Deinococcus actinosclerus,4.4644558150274785
Deinococcus gobiensis,1.7901246653063447
Deinococcus proteolyticus,1.813354875572341
Deinococcus radiodurans,1.7311216555143043
Deinococcus swuensis,2.5055746810631327
Delftia acidovorans,4.332782121009287
Delftia phage IME-DE1,3.9533779675699714
Delftia phage RG-2014,5.472000297391308
Delftia tsuruhatensis,7.191722079361601
Denitrobacterium detoxificans,11.474926429644057
Dermacoccus nishinomiyaensis,2.600894111365033
Dermatophilus congolensis,3.6377559498986236
Desulfatibacillum alkenivorans,5.622072079405881
Desulfitobacterium hafniense,2.422757129476627
Desulfitobacterium metallireducens,8.143294678738192
Desulfobacca acetoxidans,8.668659112396439
Desulfobacterium autotrophicum,7.156503487725906
Desulfococcus multivorans,3.055180784652116
Desulfococcus oleovorans,4.863811666454237
Desulfohalobium retbaense,6.9518080251566605
Desulfomicrobium baculatum,5.302999066816486
Desulfomonile tiedjei,2.31543713503054
Desulfotomaculum nigrificans,4.674113943533871
Desulfotomaculum ruminis,2.6769260594200133
Desulfovibrio fairfieldensis,3.4448443355462084
Desulfovibrio sp. G11,9.823228482536699
Desulfurispirillum indicum,4.638042977833479
Desulfurivibrio alkaliphilus,4.487768427464613
Dialister pneumosintes,4.129756776888919
Dichelobacter nodosus,4.312270189603255
Dickeya fangzhongdai,1.7610402075141511
Dickeya zeae,14.433566890483638
Dietzia timorensis,2.536143598286259
Dokdonella koreensis,5.014220630627974
Dokdonia sp. 4H-3-7-5,10.665967360389322
Draconibacterium orientale,1.1106621765025861
Dyadobacter fermentans,2.276255516272644
Edwardsiella anguillarum,1.3781788404566997
Edwardsiella phage PEi20,2.6698655225682595
Edwardsiella piscicida,4.481638308205156
Edwardsiella sp. EA181011,1.3260327905559695
Eggerthella lenta,6.186716588005301
Ensifer adhaerens,3.741033549744292
Enterobacter cancerogenus,12.909354531235904
Enterobacter cloacae,4.334609331433644
Enterobacter cloacae complex 'Hoffmann cluster III',4.280438070677632
Enterobacter cloacae complex 'Hoffmann cluster IV',4.767064930876793
Enterobacter cloacae complex sp. ECNIH7,6.212451095636975
Enterobacter kobei,3.5821637038121565
Enterobacter ludwigii,3.6632324741346
Enterobacter phage Arya,3.5019475357861003
Enterobacter phage phiEap-2,2.5924982676334056
Enterobacter sp. 638,2.3329243620304463
Enterobacter sp. CRENT-193,4.331777586246685
Enterobacter xiangfangensis,4.777623493003177
Enterobacteria phage HK225,2.3567104003136787
Enterobacteria phage mEp235,3.9579938890747206
Enterobacteria phage phiP27,5.473972170575386
Enterobacteria phage phiX174 sensu lato,1.1550862194345206
Enterobacteriaceae bacterium ENNIH2,4.145902044113112
Enterobacteriaceae bacterium ENNIH3,2.919680836084088
Enterobacterial phage mEp390,5.507017578407181
Enterococcus casseliflavus,7.911240042015755
Enterococcus durans,7.934280666869528
Enterococcus faecalis,1.8506866079077535
Enterococcus faecium,1.816997017768781
Enterococcus hirae,3.2156570422799526
Enterococcus mundtii,7.070160356894694
Enterococcus phage EFAP-1,1.0948895453745755
Enterococcus phage EFC-1,6.905952291338071
Enterococcus phage IME-EFm1,3.9689877258673496
Enterococcus phage phiFL4A,1.7214548982810771
Enterococcus phage vB_EfaS_IME197,5.914208149402893
Enterococcus sp. CR-Ec1,2.9696872018523397
Enterococcus sp. FDAARGOS_375,5.544142662663815
Enterococcus virus FL1,1.1710291430574862
Entomoplasma somnilux,2.812018104412203
Enzootic nasal tumour virus of goats,2.000015332046049
Equid gammaherpesvirus 5,1.230743405738723
Erwinia billingiae,1.1058702625573253
Erwinia gerundensis,1.7456757355899237
Erwinia phage phiEa2809,2.7304301684527017
Erwinia phage phiEaH2,1.7543145364578494
Erwinia phage vB_EamM-Y2,1.4100502040084157
Erwinia phage vB_EamM_Huxley,1.7204558619538268
Erwinia phage vB_EamM_Kwan,4.892615421835756
Erwinia phage vB_EamP-S6,1.9014070864120003
Erwinia virus Ea214,3.5045672600432822
Erwinia virus Ea35-70,6.184167127254625
Erwinia virus Ea9-2,1.3406431374053882
Erysipelothrix rhusiopathiae,7.680261767899781
Escherichia coli,2.356658765741721
Escherichia fergusonii,5.16287863209547
Escherichia phage Av-05,3.735516651033432
Escherichia phage ECBP5,1.06683827062654
Escherichia phage ECML-117,1.1036889704284463
Escherichia phage Envy,1.027589506699749
Escherichia phage HK75,1.9986196225312143
Escherichia phage PBECO 4,2.4220410902627054
Escherichia phage phAPEC8,9.789006759899003
Escherichia phage phiKT,3.515938552638483
Escherichia virus 172-1,26.191143550460453
Escherichia virus ACGM12,1.0511643435581517
Escherichia virus APEC5,2.718201823351114
Escherichia virus ECB2,1.7055248091111188
Escherichia virus FV3,2.8727952862993207
Escherichia virus If1,1.605271226818884
Escherichia virus JenP1,2.7707498788156193
Escherichia virus K1G,1.8712125364876546
Escherichia virus K30,3.083521283211684
Escherichia virus N15,3.7473375002097593
Escherichia virus NJ01,17.98367565857747
Escherichia virus RB69,1.019161057660671
Escherichia virus Rtp,1.0841358337240534
Escherichia virus Septima11,1.8451953509695946
Escherichia virus VR20,2.788626007595531
Ethanoligenens harbinense,3.119832256178761
Exiguobacterium antarcticum,3.449983031646085
Exiguobacterium sp. AT1b,2.290467803065838
Exiguobacterium sp. MH3,2.8300441484511794
Faecalibaculum rodentium,4.4856692794437345
Fermentimonas caenicola,4.997206937221794
Ferrimonas balearica,5.7440890563180815
Fervidobacterium nodosum,1.093976900088849
Fibrobacter succinogenes,5.2079049972182
Filifactor alocis,6.438442526054937
Filimonas lacunae,3.5394092380892332
Flammeovirgaceae bacterium 311,3.591742438864791
Flavisolibacter tropicus,4.331334423666573
Flavobacteriaceae bacterium 3519-10,9.06106641419597
Flavobacteriaceae bacterium UJ101,2.034866228893915
Flavobacterium branchiophilum,3.8290925461331873
Flavobacterium commune,9.313585475695355
Flavobacterium crassostreae,3.57275909591233
Flavobacterium indicum,3.102119689617531
Flavobacterium johnsoniae,5.429288930513428
Flavonifractor plautii,2.995013707151242
Fluviicola taffensis,5.122182363895841
Formosa sp. Hel1_33_131,5.3892885318564305
Fowl aviadenovirus B,1.1798189289597012
Fowl aviadenovirus E,4.863966525685842
Francisella philomiragia,3.237984380570556
Francisella sp. CA97-1460,1.1380086562272358
Francisella sp. MA067296,3.701532704119374
Frateuria aurantia,3.0837159546654496
Frischella perrara,7.972171616428582
Fujinami sarcoma virus,1.7770001554812844
Fusobacterium periodonticum,6.955497702388697
Gallibacterium anatis,4.165103648496802
Gallid alphaherpesvirus 2,1.3988132706132124
Gallionella capsiferriformans,1.3602045267848835
Gammapapillomavirus 1,1.1342202495401075
Gammapapillomavirus 12,1.3710805982642935
Gammapapillomavirus 13,1.9629868026395543
Gammapapillomavirus 14,1.108671564399643
Gammapapillomavirus 15,1.3824678941237452
Gammapapillomavirus 16,1.244766057341621
Gammapapillomavirus 18,1.1443561595919867
Gammapapillomavirus 2,1.8107727945660914
Gammapapillomavirus 20,8.631086782762063
Gammapapillomavirus 3,2.0616491125799707
Gammapapillomavirus 4,1.3109511347398235
Gammapapillomavirus 5,1.2325237133573748
Gammapapillomavirus 7,1.190055529405015
Gammapapillomavirus 8,1.1148420055756936
Gammapapillomavirus 9,1.098991812259133
Gardnerella vaginalis,1.985217222113977
Gemella sp. oral taxon 928,6.145103960008518
Geoalkalibacter subterraneus,5.30289339259147
Geobacillus kaustophilus,3.499510880775605
Geobacillus sp. C56-T3,3.0830246901229907
Geobacillus sp. WCH70,4.060439828244975
Geobacillus subterraneus,2.274102700593069
Geobacillus thermodenitrificans,3.2208157845808474
Geobacillus virus E2,1.2053904950628156
Geobacillus virus E3,1.0343904908337451
Geobacter anodireducens,5.413776106235018
Geobacter bemidjiensis,6.336248051984898
Geobacter metallireducens,7.8171810528704215
Geobacter sulfurreducens,5.294095760207398
Gilliamella apicola,3.3702889790256307
Gluconobacter albidus,3.1701083925058393
Gordonia bronchialis,3.5565435281908266
Gordonia phage BaxterFox,1.153732773750853
Gordonia phage Blueberry,2.083762712460837
Gordonia phage Bowser,1.3900001868746041
Gordonia phage Cozz,1.7126524023263279
Gordonia phage GMA1,1.2355530805326334
Gordonia phage GRU1,1.8935775634261167
Gordonia phage GTE2,1.5452858049648677
Gordonia phage GTE6,1.8200956180880685
Gordonia phage GTE8,2.147201294973698
Gordonia phage GordDuk1,4.9753446565289785
Gordonia phage Hedwig,2.0084939721187487
Gordonia phage Kita,1.6367989729857522
Gordonia phage Nyceirae,1.1148511391004825
Gordonia phage Schwabeltier,1.2743986557724758
Gordonia phage Yvonnetastic,1.196423098592875
Gordonia phthalatica,5.3865285873
Gordonia polyisoprenivorans,1.3391171770109283
Gordonia virus Demosthenes,2.7860923770243518
Gordonia virus Kvothe,1.884409254870591
Gordonia virus Woes,5.622519960887047
Gordonibacter massiliensis,7.89442281016461
Gramella flava,6.352153845634467
Gramella forsetii,3.340685189435396
Granulosicoccus antarcticus,5.550425398147453
Gynuella sunshinyii,7.503664398477514
Haematospirillum jordaniae,3.3505296748702302
Haemophilus influenzae,2.500989856203268
Haemophilus pittmaniae,1.5699231302208962
Haemophilus virus HP1,2.654863887601032
Hafnia sp. CBA7124,1.2385239849831153
Hahella chejuensis,5.824628945921066
Halalkalicoccus jeotgali,2.2273695977621073
Halioglobus japonicus,5.989540346952524
Halobacterium hubeiense,2.3315657719332035
Halomonas campaniensis,3.3060970003152375
Halomonas huangheensis,8.867287598711014
Halomonas hydrothermalis,5.122363901804952
Halomonas sp. KO116,9.426282613701018
Halomonas virus HAP1,1.988116602455027
Halostagnicola larsenii,1.6646356090720855
Halotalea alkalilenta,3.1727740705315437
Haloterrigena daqingensis,5.044680105349104
Halothiobacillus neapolitanus,2.8643167285680873
Helicobacter bilis,1.6162981435723724
Helicobacter cinaedi,2.365755545517014
Heliobacterium modesticaldum,5.992532238591572
Hemipteran ambidensovirus 3,1.5077456524928334
Hirschia baltica,1.7254745646520127
Histophilus somni,2.991861616221313
Human alphaherpesvirus 1,1.4459686922541786
Human alphaherpesvirus 2,2.9004550510377256
Human alphaherpesvirus 3,1.1207924738266362
Human associated gemykibivirus 2,1.4119503278146996
Human associated gemyvongvirus 1,5.323769514895414
Human betaherpesvirus 5,1.412945816053813
Human betaherpesvirus 6A,1.6529596947136005
Human betaherpesvirus 6B,1.4888136023140817
Human betaherpesvirus 7,3.118145511610388
Human endogenous retrovirus K,1.528911458955043
Human gammaherpesvirus 4,2.395869190722509
Human mastadenovirus B,2.598442438780596
Human mastadenovirus C,2.839606348009173
Human mastadenovirus E,1.1323527137355016
Human mastadenovirus F,1.3071505475935252
Human papillomavirus KC5,1.1842605727152857
Human papillomavirus type 136,1.954651765187007
Human papillomavirus type 140,1.0848407571360326
Human papillomavirus type 179,1.1131716135379335
Human papillomavirus type 201,1.1143580230659567
Human polyomavirus 10,1.1370878741412211
Human polyomavirus 2,2.040323735593248
Human polyomavirus 4,1.379066965373539
Human polyomavirus 5,2.188604001656561
Human polyomavirus 6,1.7791277587335939
Human polyomavirus 7,1.2522500413162336
Human polyomavirus 8,1.651361131352388
Hydrogenobacter thermophilus,6.4119640069326005
Hydrogenovibrio crunogenus,1.8313148757904876
Hymenobacter sedentarius,1.814509782179691
Idiomarina loihiensis,6.074142018564086
Idiomarina piscisalsi,4.841671560269374
Ignavibacterium album,10.774348635577267
Ilyobacter polytropus,30.159022634611638
Immundisolibacter cernigliae,6.268201889179325
Indiana vesiculovirus,1.1190672954450864
Invertebrate iridescent virus 31,1.2350225967623771
Invertebrate iridescent virus 6,1.621195601581321
Invertebrate iridovirus 25,1.2358806347959301
Janibacter indicus,3.2053786297012286
Janthinobacterium sp. 1_2014MBL_MicDiv,2.0500221098697824
Janthinobacterium sp. B9-8,1.8101570025650016
Jeotgalibaca dankookensis,2.7669358449301034
Jeotgalibacillus malaysiensis,5.509228295555742
Jonesia denitrificans,1.7124954594969533
Kangiella koreensis,3.246799159778837
Ketobacter alkanivorans,2.9268883303292736
Klebsiella michiganensis,6.629442853566207
Klebsiella oxytoca,1.8205578457937481
Klebsiella phage JD001,1.2511289934159404
Klebsiella phage K64-1,3.315892949877588
Klebsiella phage phiKO2,1.7698002750247024
Klebsiella sp. 2N3,7.866911825109373
Klebsiella sp. LTGPAF-6F,7.063142431251038
Klebsiella sp. M5al,1.4913356126330437
Klebsiella variicola,2.2133272910831803
Klebsiella virus KP15,3.3668835491569946
Kluyveromyces lactis,1.2875159037719097
Kocuria palustris,1.5690750031672953
Kocuria rhizophila,2.731229552680571
Kosakonia cowanii,1.6939064548227816
Kosakonia oryzae,1.0876607143201045
Kurthia sp. 11kri321,2.7347232032935156
Kyrpidia sp. EA-1,3.2032738330829886
Kyrpidia tusciae,3.2094005638646186
Kytococcus sedentarius,3.5078233801820695
Laceyella sp. FBKL4.010,2.463346013333377
Lacimicrobium alkaliphilum,7.363901220872281
Lacinutrix venerupis,3.959473663534643
Lactobacillales bacterium,2.5236836986704834
Lactobacillus acidipiscis,2.1610860387256934
Lactobacillus acidophilus,2.369282472148109
Lactobacillus agilis,2.0774330415980033
Lactobacillus alimentarius,2.2018926341474057
Lactobacillus amylophilus,2.589454486183147
Lactobacillus backii,6.955573336530858
Lactobacillus brevis,5.739606161776003
Lactobacillus buchneri,10.851458671761874
Lactobacillus casei,1.4531109007296577
Lactobacillus coryniformis,4.9987798099395375
Lactobacillus crustorum,5.442125663318395
Lactobacillus curieae,4.484854998606541
Lactobacillus curvatus,4.225192522873925
Lactobacillus delbrueckii,2.2596020324949815
Lactobacillus gasseri,5.219951221779721
Lactobacillus heilongjiangensis,5.394430372445583
Lactobacillus hokkaidonensis,2.896206076167935
Lactobacillus koreensis,2.698780447196569
Lactobacillus kunkeei,3.1117342712861946
Lactobacillus lindneri,3.8644910428028827
Lactobacillus paracollinoides,3.0175949709193755
Lactobacillus phage KC5a,3.4801497063939184
Lactobacillus phage LF1,4.714658367451189
Lactobacillus phage Lc-Nu,2.373708628071219
Lactobacillus phage LfeInf,2.4938239120247583
Lactobacillus phage LfeSau,1.5990204340704455
Lactobacillus phage Lv-1,1.5685681785863317
Lactobacillus phage phiJB,1.2412252056807227
Lactobacillus phage phiPYB5,2.4815356163567204
Lactobacillus phage phiadh,1.1070523859858363
Lactobacillus rhamnosus,1.9672184688023482
Lactobacillus sakei,2.3808879082331305
Lactobacillus sanfranciscensis,3.377544097510033
Lactobacillus virus LLKu,2.128212637511531
Lactobacillus virus LP65,4.716231404809453
Lactobacillus virus Ld25A,2.1153921785712626
Lactobacillus zymae,2.051234153801346
Lactococcus garvieae,2.611110587231082
Lactococcus lactis,4.768022980212264
Lactococcus phage 1706,8.368462352232209
Lactococcus phage 28201,2.1899948676892476
Lactococcus phage 340,3.101571061122239
Lactococcus phage 63301,3.3141197918872893
Lactococcus phage 949,2.572407829572646
Lactococcus phage BM13,1.9493030435240892
Lactococcus phage D4410,1.3576151652164923
Lactococcus phage P087,2.8573109828762084
Lactococcus phage P680,4.013884441865438
Lactococcus phage jm2,2.4996766337287837
Lactococcus phage jm3,4.272553757087097
Lactococcus phage phiL47,3.761159102162385
Lactococcus phage r1t,1.6473872986942848
Lactococcus piscium,2.2743022611920587
Lactococcus raffinolactis,5.013249645551756
Lactococcus virus 712,4.378067245127343
Lactococcus virus Bibb29,4.482916101009308
Lactococcus virus CB14,2.317365046907689
Lactococcus virus P008,2.9854259896993134
Lactococcus virus jj50,2.798005064261473
Leclercia adecarboxylata,5.763267865581397
Leclercia sp. LSNIH1,1.5041847525341037
Legionella clemsonensis,2.694525947258426
Legionella fallonii,4.3915472275743355
Legionella hackeliae,5.06699057542806
Legionella longbeachae,6.373658381421601
Legionella pneumophila,4.527329305883505
Legionella sainthelensi,2.552612144678994
Legionella spiritensis,2.219924970165969
Legionella waltersii,8.274333169693177
Leishmania major,3.075307167737675
Lentibacillus amyloliquefaciens,3.2101640078894924
Leptospira alstonii,1.5836752615847356
Leptospira biflexa,3.538865853965432
Leptospira interrogans,2.083638687278434
Leuconostoc carnosum,1.5136529066226085
Leuconostoc garlicum,5.561408720846468
Leuconostoc gelidum,1.5832794239724106
Leuconostoc kimchii,8.113333057496048
Leuconostoc mesenteroides,8.199270883098606
Leuconostoc phage 1-A4,2.0466505451357326
Leuconostoc phage P793,3.3149416358947774
Leuconostoc phage phiLN03,1.3881030628331672
Leuconostoc sp. C2,2.6358857393597344
Listeria phage A500,1.265506371853035
Listeria seeligeri,2.9448140779207668
Luteimonas sp. 100111,3.957712425154493
Lymantria dispar multiple nucleopolyhedrovirus,1.2220563393962194
Lysinibacillus sphaericus,1.4091591319784487
Macrococcus canis,5.139934174774123
Macrococcus sp. IME1552,1.8515481456558924
Magnetococcus marinus,15.033456395776772
Mahella australiensis,1.893731980426914
Maize streak Reunion virus,1.7878951152576603
Mamestra configurata nucleopolyhedrovirus A,2.6450902269052876
Marinilactibacillus sp. 15R,8.960366327035587
Marinobacter adhaerens,5.710240382558247
Marinobacter psychrophilus,2.342690206043564
Marinobacter sp. BSs20148,11.216016863543855
Marinobacterium aestuarii,5.028333573200186
Marinomonas sp. MWYL1,2.2921707957657915
Meiothermus ruber,2.5639196241009548
Meiothermus silvanus,3.2356781498609672
Melioribacter roseus,1.3771880936112297
Mesoplasma syrphidae,1.315710213606856
Mesorhizobium sp. WSM1497,2.354331187129232
Mesotoga prima,1.720449417947796
Methanobacterium formicicum,1.6896868943671886
Methanobacterium sp. MB1,3.1252482226877087
Methanobrevibacter millerae,9.788852175636505
Methanobrevibacter olleyae,7.65677072867257
Methanobrevibacter sp. AbM4,2.2718372599559986
Methanocella arvoryzae,3.8933341567707087
Methanocella conradii,1.887568265436714
Methanococcus voltae,3.352951458557508
Methanosaeta harundinacea,10.025874040605379
Methanosarcina acetivorans,3.212664724679106
Methanosarcina barkeri,7.540374607041162
Methanosarcina mazei,2.3142827731543836
Methanosarcina sp. MTP4,13.127578565361736
Methanosarcina thermophila,1.325126860846949
Methanospirillum hungatei,1.8920049578355282
Methanothermobacter marburgensis,2.264156074189384
Methanothermobacter sp. CaT2,3.4502482633387146
Methanothermobacter thermautotrophicus,3.550779188487394
Methylacidiphilum fumariolicum,1.0107213763065683
Methylobacillus flagellatus,2.2666720245093344
Methylomicrobium alcaliphilum,4.9514721040293
Methylomonas denitrificans,6.111457949077301
Methylomonas koyamae,6.92050619934858
Methylomonas methanica,4.896165250872885
Methylomonas sp. DH-1,6.555135337087561
Methylophaga frappieri,5.4363724719166635
Methylophaga nitratireducenticrescens,6.045352187878183
Methylophilus sp. TWE2,6.79839409265704
Methylotenera mobilis,9.830275871090123
Methylotenera versatilis,3.206031615619868
Methyloversatilis sp. RAC08,7.954140942884836
Methylovorus glucosotrophus,1.8454432722119476
Methylovulum psychrotolerans,4.493345354349267
Micavibrio aeruginosavorus,2.168683077063556
Microbacterium aurum,2.8837471628263387
Microbacterium chocolatum,3.2157668047044705
Microbacterium phage Min1,1.130812920537763
Microbacterium sp. 1.5R,1.5080362815152726
Microbacterium sp. BH-3-3-3,6.023834608886856
Microbacterium sp. PAMC 28756,3.6645450926129706
Microbacterium sp. TPU 3598,2.435483331886941
Micrococcus luteus,2.6369417608066428
Microcoleus sp. PCC 7113,1.343619361344075
Micromonospora aurantiaca,3.5700959723797285
Mobiluncus curtisii,2.6614910819063757
Mollivirus sibericum,1.0907862846762417
Moorella thermoacetica,5.136518547046582
Moraxella bovoculi,1.7586404137439118
Moraxella catarrhalis,1.2787019471572032
Moraxella osloensis,3.319337638806743
Morganella morganii,1.480234840421852
Moritella viscosa,5.510172478380579
Mucilaginibacter gotjawali,3.7218067115931834
Mucilaginibacter sp. PAMC 26640,2.7581190533637767
Mupapillomavirus 1,2.9285980319976037
Muricauda ruestringensis,6.170985814819249
Murine leukemia virus,1.464460767398287
Murine mastadenovirus B,1.105755984702081
Musca hytrovirus,2.6796816057065715
Mycobacterium abscessus,1.816165379805961
Mycobacterium aurum,6.153906062889108
Mycobacterium avium,3.799442023698065
Mycobacterium canettii,3.1138601759431945
Mycobacterium chelonae,2.2590480660498358
Mycobacterium chimaera,2.3998871793251118
Mycobacterium fortuitum,1.1880583297968632
Mycobacterium immunogenum,1.5603964440102722
Mycobacterium indicus pranii,3.183156528383102
Mycobacterium intracellulare,3.7365815397217337
Mycobacterium kansasii,2.374388898952065
Mycobacterium leprae,3.670947015555019
Mycobacterium liflandii,1.7005290226718097
Mycobacterium paraintracellulare,2.3164042859605147
Mycobacterium phage Cambiare,1.9281234840400472
Mycobacterium phage Dori,3.8711669557204966
Mycobacterium phage Enkosi,5.07021412375463
Mycobacterium phage Jolie2,1.2556533786101889
Mycobacterium phage MOOREtheMARYer,2.0538599882042945
Mycobacterium phage Myrna,2.217950354251433
Mycobacterium virus Predator,1.3665449623741415
Mycoplasma bovigenitalium,1.8925922421382546
Mycoplasma canadense,5.776983802758142
Mycoplasma canis,1.8671549756584647
Mycoplasma cynos,3.4788573056043197
Mycoplasma gallisepticum,3.479304896113447
Mycoplasma genitalium,1.1869227430751739
Mycoplasma hominis,2.223017507168401
Mycoplasma hyopneumoniae,3.253752598720444
Mycoplasma pulmonis,1.1679797774206009
Mycoplasma synoviae,2.220458631958167
Myroides odoratimimus,1.6258416654036612
Mythimna unipuncta granulovirus,1.246984703133952
Myxococcus fulvus,1.8924253088216691
Nakamurella multipartita,1.4348615291902524
Negativicoccus massiliensis,5.889163384926349
Neisseria elongata,3.2177876504106875
Neisseriaceae bacterium DSM 100970,3.9256053657853336
Neomicrococcus aestuarii,2.43650204373064
Niabella ginsenosidivorans,3.6277718960467773
Nitratifractor salsuginis,8.764257574730998
Nitrosococcus halophilus,2.064848552584401
Nitrosococcus oceani,5.122346034832584
Nitrosomonas communis,5.4432054504597795
Nitrosomonas europaea,4.172048861294919
Nitrosomonas eutropha,2.253705384863879
Nitrosomonas sp. Is79A3,3.1527796354791797
Nitrosomonas ureae,3.026713620813303
Nitrososphaera viennensis,4.1210235143711476
Nitrosospira briensis,1.9963178650579467
Nitrosospira lacus,1.2096596924527392
Nitrosospira multiformis,1.5732392190414213
Niveispirillum cyanobacteriorum,2.265534871884265
Nostoc flagelliforme,1.4036981181739125
Noumeavirus,1.0734559464005744
Novibacillus thermophilus,1.727643969377651
Nupapillomavirus 1,1.0732875445878136
Ochrobactrum pituitosum,2.244030925797252
Oenococcus oeni,3.2368557350341485
Oleiphilus messinensis,4.486995279516656
Oleispira antarctica,2.8722736068292916
Olsenella sp. oral taxon 807,3.4003962408532384
Orgyia pseudotsugata multiple nucleopolyhedrovirus,1.1136177553260007
Orientia tsutsugamushi,1.018301782472029
Oryctes rhinoceros nudivirus,1.9048996107526983
Oscillatoria acuminata,3.409006081306873
Ottowia sp. oral taxon 894,2.7254422798599487
Oxalobacter formigenes,4.300819767281902
Paenalcaligenes hominis,6.290428331656331
Paenibacillus borealis,2.0259568394867284
Paenibacillus odorifer,1.8684198949156714
Paenibacillus xylanexedens,3.7285588039683097
Paludibacter propionicigenes,3.868829591270479
Pandoraea apista,3.025855919477857
Pandoravirus dulcis,1.9731728021442898
Pandoravirus salinus,4.411263017302619
Pantoea agglomerans,1.690240423624207
Pantoea rwandensis,2.1140592268336436
Pantoea sp. PSNIH1,4.876142385944481
Pantoea sp. PSNIH2,1.6184206974905841
Parabacteroides sp. YL27,3.1946758476037105
Paraburkholderia fungorum,1.8977593782023547
Paraburkholderia phenoliruptrix,3.616095441697413
Parachlamydia acanthamoebae,2.1888714924671953
Paracoccus yeei,2.2750142598596366
Paracoccus zhejiangensis,4.309466231281972
Parascardovia denticolens,2.028584645027247
Parvibaculum lavamentivorans,3.4766800882663333
Parvimonas micra,3.760215328458409
Pasteurella multocida,2.4951408746421193
Pectobacterium atrosepticum,2.377026313135063
Pectobacterium phage PP16,2.078267668784368
Pectobacterium phage ZF40,1.3355416978333017
Pediococcus acidilactici,2.815939804321439
Pediococcus pentosaceus,2.6513557087492416
Pedobacter cryoconitis,6.2667603230707165
Pelagibacter phage HTVC010P,1.4701881969603834
Pelargonium vein banding virus,2.5909729140721116
Pelobacter acetylenicus,6.295870027372232
Pelodictyon luteolum,7.018823270950788
Peptoniphilus sp. ING2-D1G,7.725290626487462
Petrimonas mucosa,8.412868009023692
Pigeon adenovirus 2,1.9802064328173707
Piscirickettsia salmonis,19.55360739463345
Pithovirus sibericum,2.9300621866329166
Planctomyces sp. SH-PL14,2.0914002976043453
Planctopirus limnophila,2.3959256667180777
Planktomarina temperata,3.590765086576655
Planktothrix phage PaV-LD,1.7263797196515387
Plautia stali symbiont,2.217446274648895
Pluralibacter gergoviae,15.428907430213975
Polaribacter sp. ALD11,2.8150213357385727
Polaribacter vadi,3.10589477162597
Polynucleobacter asymbioticus,7.324089089783188
Polynucleobacter duraquae,3.5243206986973346
Polynucleobacter necessarius,3.1716561506815895
Porcine associated gemycircularvirus 1,2.3897281482676505
Porphyromonas asaccharolytica,3.268348192612248
Porphyromonas gingivalis,1.7798104488065116
Prevotella dentalis,3.182911483211656
Prevotella denticola,2.3624327235504374
Prochlorococcus marinus,6.397150227429734
Propionibacterium freudenreichii,4.869619816702757
Propionibacterium phage BruceLethal,3.8744185347169315
Propionibacterium phage Enoki,3.4164248539968187
Propionibacterium phage PHL009,1.7509843209482077
Propionibacterium phage PHL041,2.0078138602736417
Propionibacterium phage PHL132,2.6572846634771943
Propionibacterium phage PHL199,2.372464875554577
Propionibacterium sp. oral taxon 193,1.2927278949169008
Propionibacterium virus ATCC29399BT,2.069041262624294
Propionibacterium virus Kubed,2.596330260026803
Propionibacterium virus P100A,1.7113886747797442
Propionibacterium virus Wizzo,2.499600418741796
Prosthecochloris sp. CIB 2401,5.911441937944041
Prosthecochloris sp. GSB1,9.175120501848536
Proteus phage pPM_01,1.1788229302362234
Proteus vulgaris,2.3252870524119222
Providencia alcalifaciens,4.6873443498948495
Providencia phage Redjac,1.2207769969609468
Providencia rettgeri,5.863199548998934
Providencia stuartii,11.861576679993773
Pseudalatia unipuncta granulovirus,1.907273041068249
Pseudoalteromonas arctica,5.804405396244768
Pseudoalteromonas phage H101,1.1241984504090021
Pseudodesulfovibrio profundus,2.8449025531281165
Pseudohongiella spirulinae,6.429664754905203
Pseudomonas alcaligenes,3.1639464629471115
Pseudomonas alcaliphila,3.1245039241702237
Pseudomonas alkylphenolica,1.811618996000094
Pseudomonas amygdali,3.2291627476491964
Pseudomonas antarctica,4.894482412237272
Pseudomonas balearica,2.406979304058381
Pseudomonas brassicacearum,2.0846537109633188
Pseudomonas cichorii,5.011664977551302
Pseudomonas fluorescens,2.6651638520321947
Pseudomonas fragi,3.073180894578614
Pseudomonas koreensis,1.557471819156325
Pseudomonas mosselii,2.3969902209784437
Pseudomonas oryzihabitans,5.527934224789568
Pseudomonas phage 201phi2-1,1.266947213612331
Pseudomonas phage AF,1.352387575124978
Pseudomonas phage F10,1.1642605143286116
Pseudomonas phage JBD18,1.3284158266979833
Pseudomonas phage JBD24,1.0200677357151995
Pseudomonas phage Lu11,3.91213630473122
Pseudomonas phage MD8,2.3592157793457047
Pseudomonas phage O4,2.2287840226977247
Pseudomonas phage PAJU2,1.6107990625561674
Pseudomonas phage PS-1,1.9236990606826805
Pseudomonas phage PaBG,1.3297998524854735
Pseudomonas phage PaMx42,1.7391023391369138
Pseudomonas phage YH30,5.200292355708555
Pseudomonas phage YMC11/02/R656,1.7725508441611832
Pseudomonas phage YMC11/06/C171_PPU_BP,1.562277977513034
Pseudomonas phage YMC11/07/P54_PAE_BP,1.367337482641571
Pseudomonas phage phi-2,2.1485946753060894
Pseudomonas phage phiPSA2,1.365992038557228
Pseudomonas phage vB_PaeM_PS24,3.4354827438296076
Pseudomonas phage vB_PaeS_PM105,1.1584827166518195
Pseudomonas phage vB_PsyM_KIL1,1.2248414139463726
Pseudomonas plecoglossicida,2.45570942319375
Pseudomonas protegens,1.8944464836149384
Pseudomonas rhizosphaerae,1.3380881117601993
Pseudomonas sp. FDAARGOS_380,14.261237143237432
Pseudomonas sp. JY-Q,1.6153534687636821
Pseudomonas sp. MRSN12121,10.192533847480483
Pseudomonas sp. NC02,3.673245439974696
Pseudomonas stutzeri,3.8449316035398624
Pseudomonas virus 73,1.4892615334290067
Pseudomonas virus CAb1,5.047059052657657
Pseudomonas virus DL60,1.9414571349389227
Pseudomonas virus DMS3,1.0792305839072183
Pseudomonas virus EL,1.4597464229289092
Pseudomonas virus KPP25,2.73532737050745
Pseudomonas virus Kakheti25,1.9541232704422984
Pseudomonas virus LKA1,2.7044532254034634
Pseudomonas virus M6,1.13182551108497
Pseudomonas virus NP1,1.6273667695884324
Pseudomonas virus PB1,1.4385918997263825
Pseudonocardia sp. AL041005-10,2.5113656241778526
Pseudoxanthomonas spadix,3.9097801283786238
Psychrobacter phage Psymv2,3.4962503919172856
Psychromonas ingrahamii,3.10899537739906
Pusillimonas sp. T7-7,4.3827079683550805
Ralstonia insidiosa,2.1373341052924335
Ralstonia mannitolilytica,2.5217032214495325
Ralstonia phage RSB1,1.2172108832111759
Renibacterium salmoninarum,3.226022649884652
Rhizobium phage RR1-A,1.2030402648259166
Rhizobium phage RR1-B,1.6720753920128824
Rhizobium sp. TAL182,2.3098191921764397
Rhodococcus aetherivorans,3.7423369337925667
Rhodococcus erythropolis,2.404775771196278
Rhodococcus hoagii,1.968291481381647
Rhodococcus phage CosmicSans,1.7368969582233789
Rhodococcus phage REQ2,1.9205084758798845
Rhodococcus pyridinivorans,1.6681903589215152
Rhodococcus qingshengii,4.518780554617566
Rhodococcus sp. B7740,3.7415385259841645
Rhodococcus sp. PBTS 1,2.380699178129658
Rhodococcus virus RER2,1.8179625608754044
Rhodoluna lacicola,2.5136340133412975
Rhodothermus phage RM378,2.0383015614671502
Rickettsia africae,6.226671897296173
Rickettsia akari,2.9196900051869528
Rickettsia amblyommatis,7.2570451387405885
Rickettsia bellii,1.9169731031257287
Rickettsiales bacterium Ac37b,1.4336237037782826
Rubrobacter radiotolerans,1.9965530130609384
Rubrobacter xylanophilus,2.225615477470661
Ruminococcus albus,8.459802085177323
Ruminococcus bicirculans,2.1824721792560946
Saccharomonospora viridis,2.9719939915134077
Saccharomyces cerevisiae,3.825622926740335
Salimicrobium jeotgali,3.3986529409033635
Salmonella enterica,3.098878290171736
Salmonella phage 21,1.0728047130578966
Salmonella phage SSU5,1.556557455821493
Salmonella virus PRD1,1.0358244307242286
Sanguibacter keddieii,2.3964850211283184
Scardovia inopinata,1.7740350278670407
Sedimenticola thiotaurini,4.965409997020128
Serinicoccus sp. JLT9,2.2700953316794017
Serratia liquefaciens,1.9366481655733443
Serratia marcescens,3.6702764121451223
Serratia phage Eta,1.7865605327558414
Serratia phage phiMAM1,1.3167196065145579
Serratia proteamaculans,2.333937382225828
Serratia sp. SCBI,3.487754193549438
Sewage derived gemykrogvirus 1,1.6580330715761988
Sewage-associated gemycircularvirus 1,1.0772462973662449
Shewanella baltica,3.468935472725526
Shewanella bicestrii,7.525913804207273
Shewanella denitrificans,3.9037215592761765
Shewanella frigidimarina,3.3682601866783606
Shewanella oneidensis,6.113188600027351
Shigella flexneri,7.69099680433435
Shigella phage pSf-1,1.4408211219972469
Simkania negevensis,3.3174221546122626
Sneathia amnii,2.233511894881324
Sodalis phage phiSG1,1.2991812599654435
Solibacillus silvestris,1.9714072885188583
Soybean chlorotic blotch virus,3.5337884382443807
Soybean mild mottle virus,4.663216577673024
Sphaerochaeta pleomorpha,6.035883488706186
Sphingobacterium sp. 21,5.480689301740939
Sphingobacterium sp. B29,1.96555595045808
Sphingobacterium sp. ML3W,2.8792108658501765
Sphingobium yanoikuyae,1.7387742227461376
Sphingopyxis sp. LPB0140,2.459320720388248
Spiribacter salinus,4.75878400245304
Spirochaeta africana,11.015732168787386
Spirochaeta thermophila,4.550031485573986
Spiroplasma apis,2.6649975012411216
Spiroplasma cantharicola,1.0539386502297108
Spiroplasma citri,2.3701638708787076
Spiroplasma eriocheiris,1.0723876594454083
Spirosoma radiotolerans,1.6093754941500926
Spodoptera frugiperda ascovirus 1a,1.112281091112868
Spodoptera frugiperda granulovirus,1.6784277595023924
Spodoptera litura granulovirus,2.384899331806187
Spongiibacter sp. IMCC21906,4.894899004398481
Sporosarcina psychrophila,2.9673756697325677
Sporosarcina sp. P33,2.3714798027988624
Staphylococcus agnetis,11.0905020510933
Staphylococcus capitis,1.4695712689921887
Staphylococcus carnosus,7.369248370581295
Staphylococcus condimenti,2.2506979117757266
Staphylococcus epidermidis,2.2619267643836727
Staphylococcus equorum,2.4314979022588683
Staphylococcus haemolyticus,1.2205293581835233
Staphylococcus hominis,3.756666471820496
Staphylococcus lugdunensis,3.400044918191777
Staphylococcus pasteuri,3.9354311243248152
Staphylococcus pettenkoferi,2.151391850270954
Staphylococcus phage 2638A,3.69403627615137
Staphylococcus phage StB20-like,1.7525268583750808
Staphylococcus phage phiRS7,4.0611385689499935
Staphylococcus piscifermentans,2.58253783553236
Staphylococcus schleiferi,1.5552769349227598
Staphylococcus simiae,4.429672573131951
Staphylococcus stepanovicii,1.627007387695801
Staphylococcus virus MCE2014,1.4652256569827815
Staphylococcus virus SA11,1.5645935059233074
Staphylococcus virus SEP9,4.071863046480977
Staphylococcus warneri,4.160232445750089
Staphylococcus xylosus,2.1821849593939704
Stenotrophomonas acidaminiphila,2.3055344753338898
Stenotrophomonas maltophilia,3.4635098708249843
Stenotrophomonas phage S1,2.700304397064654
Stenotrophomonas rhizophila,1.6469758872915505
Stenotrophomonas sp. LM091,2.7189619277531283
Stenotrophomonas virus SMA9,1.1089102918534897
Stigmatella aurantiaca,1.6072091086355393
Streptobacillus moniliformis,2.1904331553520047
Streptococcus acidominimus,6.729097865987502
Streptococcus agalactiae,8.456329245223786
Streptococcus anginosus,3.9722729194838693
Streptococcus dysgalactiae,3.03548475679219
Streptococcus equi,2.8748041391427277
Streptococcus gallolyticus,5.10544137357481
Streptococcus halotolerans,5.3861309935531185
Streptococcus iniae,14.171470991137612
Streptococcus intermedius,4.315322101210366
Streptococcus lutetiensis,3.97585387639534
Streptococcus macedonicus,4.183142460763145
Streptococcus merionis,2.833571762739306
Streptococcus mutans,1.6461729763355548
Streptococcus oralis,1.7089615769898268
Streptococcus pantholopis,4.454530132618157
Streptococcus pasteurianus,9.003264043452344
Streptococcus phage 20617,3.584548189500122
Streptococcus phage 5093,1.7838713280299507
Streptococcus phage APCM01,2.672583436070376
Streptococcus phage EJ-1,3.324053686220887
Streptococcus phage PH10,4.312777176707428
Streptococcus phage PH15,2.4227614157340884
Streptococcus phage Str-PAP-1,1.0788653253028389
Streptococcus phage TP-J34,1.3765873909545259
Streptococcus phage YMC-2011,2.605963392701846
Streptococcus phage phiARI0131-1,2.0200042814988164
Streptococcus phage phiARI0468-2,1.5642146420504506
Streptococcus phage phiARI0923,2.736667910748609
Streptococcus pyogenes,7.311428187354086
Streptococcus sanguinis,2.434062994901162
Streptococcus suis,3.527336746706304
Streptococcus thermophilus,2.423488014510723
Streptococcus virus 2972,1.7859546687615457
Streptococcus virus 858,1.3329901996596687
Streptococcus virus 9871,2.6804331493619666
Streptococcus virus 9872,2.40912376141968
Streptococcus virus Cp1,1.204589281703654
Streptococcus virus O1205,3.3241191220155493
Streptococcus virus Sfi11,2.6488449338980273
Streptococcus virus Sfi19,2.225886605959897
Streptomyces albus,2.830660007336309
Streptomyces malaysiensis,3.4308846962799353
Streptomyces phage phiSAJS1,1.407086162144423
Streptomyces pratensis,2.2580798549953442
Streptomyces sp. 769,1.0589687578045222
Sugarcane bacilliform IM virus,1.1752606219247286
Suid betaherpesvirus 2,3.185891090052787
Sulfuricurvum kujiense,1.9401579612196285
Sulfuriferula sp. AH1,2.2873642709134363
Sulfurihydrogenibium azorense,5.582298380819015
Sulfurospirillum cavolei,3.417764300288903
Sulfurospirillum deleyianum,14.088719545781231
Sulfurospirillum halorespirans,2.899346058104675
Synechococcus phage ACG-2014h,1.8368442126071667
Synechococcus phage S-PM2,1.4292747231745002
Synechococcus phage S-SM1,1.8845888012286105
Synechococcus sp. JA-2-3B'a(2-13),4.140965026036475
Synechococcus sp. KORDI-49,1.7488318749849803
Tatumella citrea,3.4520839878087934
Terribacillus aidingensis,1.7294481770646226
Tessaracoccus flavescens,2.847344305440727
Tetragenococcus halophilus,1.3381832581527306
Thalassolituus oleivorans,4.866590701221265
Thalassospira sp. CSC3H3,4.094503691892912
Thalassospira xiamenensis,4.69441402734779
Thermanaerovibrio acidaminovorans,3.7349287265827535
Thermoanaerobacter kivui,2.410674861441887
Thermoanaerobacter wiegelii,3.0440950252877452
Thermoanaerobacterium xylanolyticum,20.982087873910515
Thermobaculum terrenum,2.469580084790163
Thermococcus kodakarensis,1.2568691173489848
Thermocrinis ruber,3.807409833113955
Thermus aquaticus,5.305170797335894
Thermus parvatiensis,2.2843774158651917
Thermus scotoductus,2.041234397661861
Thiolapillus brandeum,6.755054254376157
Tobacco vein clearing virus,1.6376183292572777
Tolumonas auensis,3.71229691138793
Treponema pedis,7.015651219848083
Trichoplusia ni ascovirus 2c,1.2970106731808075
Tropheryma whipplei,2.317995901825893
Trueperella pyogenes,4.705486944363307
Tsukamurella phage TPA2,1.106948393321928
Tsukamurella phage TPA4,1.2136442516389687
Tsukamurella sp. MH1,4.42344396063425
Tsukamurella virus TIN2,5.194393746762209
Tsukamurella virus TIN3,3.9440567674467886
Tumebacillus algifaecis,3.3854153380618834
Turneriella parva,2.4478931164102966
Ureaplasma parvum,2.4467363723048243
Ureaplasma urealyticum,1.2000288968399109
Urochloa streak virus,4.32808153987139
Vagococcus teuberi,2.767386307251714
Vibrio cholerae,10.27507835676281
Vibrio phage VpKK5,5.305052747557475
Weissella cibaria,3.8760732524229664
Weissella phage WCP30,1.3774632710159265
White spot syndrome virus,1.3601342106763008
Woeseia oceani,3.7536568115945137
Wolinella succinogenes,2.4813187804073085
Xanthomonas albilineans,3.5341657673486084
Xanthomonas alfalfae,7.684298005667175
Xanthomonas campestris,2.761376318404034
Xanthomonas citri,4.860584906238983
Xanthomonas euvesicatoria,1.7010145755450543
Xanthomonas fuscans,4.341296152986768
Xanthomonas perforans,8.441115291739097
Xanthomonas phage vB_XveM_DIBBI,1.1874283644427561
Xanthomonas virus CP1,5.319048593234984
Xanthomonas virus phil7,1.518727910288536
Xenorhabdus hominickii,14.270234881749955
Xenorhabdus nematophila,8.602695714691704
Xylella fastidiosa,4.332308363858011
Xylella phage Paz,1.4933058863734192
Yersinia enterocolitica,3.251237120920528
Yersinia pseudotuberculosis,6.1819531593492245
Yersinia sp. FDAARGOS_228,2.5846096470399336
Zhongshania aliphaticivorans,6.9242639268024915
Zymomonas mobilis,2.4443981080312547
[Clostridium] cellulosi,3.939071170291684
[Clostridium] stercorarium,4.414031700431993
[Mannheimia] succiniciproducens,5.302736977653676
alpha proteobacterium HIMB59,2.4547124407855536
beta proteobacterium CB,4.385318065453089
endosymbiont of Acanthamoeba sp. UWC8,1.0864772101920739
